[{"model": "refinator.tag", "pk": 1, "fields": {"tag_name": "algebraic number theory", "tag_slug": "algebraic-number-theory", "desc": ""}}, {"model": "refinator.tag", "pk": 2, "fields": {"tag_name": "algebraic geometry", "tag_slug": "algebraic-geometry", "desc": ""}}, {"model": "refinator.tag", "pk": 3, "fields": {"tag_name": "Arakelov theory", "tag_slug": "arakelov-theory", "desc": "Arakelov geometry studies a scheme $X$ over the ring of integers $\\Bbb Z$, by putting Hermitian metrics on holomorphic vector bundles over $X(\\Bbb C)$, the complex points of $X$. This extra Hermitian structure is applied as a substitute for the failure of the scheme $\\mathrm{Spec}(\\Bbb Z)$ to be a complete variety."}}, {"model": "refinator.tag", "pk": 4, "fields": {"tag_name": "arithmetic geometry", "tag_slug": "arithmetic-geometry", "desc": "Arithmetic (algebraic) geometry is the study of Alexander Grothendieck's schemes of finite type over the spectrum of the ring of integers $Z$."}}, {"model": "refinator.tag", "pk": 5, "fields": {"tag_name": "sheaf theory", "tag_slug": "sheaf-theory", "desc": ""}}, {"model": "refinator.tag", "pk": 6, "fields": {"tag_name": "algebraic topology", "tag_slug": "algebraic-topology", "desc": ""}}, {"model": "refinator.tag", "pk": 7, "fields": {"tag_name": "differential geometry", "tag_slug": "differential-geometry", "desc": ""}}, {"model": "refinator.tag", "pk": 8, "fields": {"tag_name": "differential topology", "tag_slug": "differential-topology", "desc": ""}}, {"model": "refinator.tag", "pk": 9, "fields": {"tag_name": "analytic number theory", "tag_slug": "analytic-number-theory", "desc": ""}}, {"model": "refinator.tag", "pk": 10, "fields": {"tag_name": "Langlands program", "tag_slug": "langlands-program", "desc": ""}}, {"model": "refinator.tag", "pk": 11, "fields": {"tag_name": "representation theory", "tag_slug": "representation-theory", "desc": ""}}, {"model": "refinator.tag", "pk": 12, "fields": {"tag_name": "Galois theory", "tag_slug": "galois-theory", "desc": ""}}, {"model": "refinator.tag", "pk": 13, "fields": {"tag_name": "abstract algebra", "tag_slug": "abstract-algebra", "desc": ""}}, {"model": "refinator.tag", "pk": 14, "fields": {"tag_name": "K-theory", "tag_slug": "k-theory", "desc": ""}}, {"model": "refinator.tag", "pk": 15, "fields": {"tag_name": "vector bundles", "tag_slug": "vector-bundles", "desc": ""}}, {"model": "refinator.tag", "pk": 16, "fields": {"tag_name": "spectral sequences", "tag_slug": "spectral-sequences", "desc": ""}}, {"model": "refinator.tag", "pk": 17, "fields": {"tag_name": "homological algebra", "tag_slug": "homological-algebra", "desc": ""}}, {"model": "refinator.tag", "pk": 18, "fields": {"tag_name": "point-set topology", "tag_slug": "point-set-topology", "desc": ""}}, {"model": "refinator.tag", "pk": 19, "fields": {"tag_name": "category theory", "tag_slug": "category-theory", "desc": ""}}, {"model": "auth.user", "pk": 1, "fields": {"password": "pbkdf2_sha256$30000$k2y7Ohxu8XVU$XwTdqFy7XLBItOCoR7qtxYMA0r4Qb/xoSrYqRhdEdFw=", "last_login": "2016-10-09T05:23:08.815Z", "is_superuser": true, "username": "mrkgnao", "first_name": "", "last_name": "", "email": "chow.soham@gmail.com", "is_staff": true, "is_active": true, "date_joined": "2016-10-07T16:11:54.721Z", "groups": [], "user_permissions": []}}, {"model": "auth.user", "pk": 2, "fields": {"password": "pbkdf2_sha256$30000$g4zQUDZc31Ur$tI8u4yJh70AGfG2AEeFlTsDHM6Ndx5/VJBnQQ7pWMm0=", "last_login": "2016-10-09T06:21:18.019Z", "is_superuser": false, "username": "dude", "first_name": "", "last_name": "", "email": "dude@abides.com", "is_staff": false, "is_active": true, "date_joined": "2016-10-09T04:28:00.218Z", "groups": [], "user_permissions": []}}, {"model": "admin.logentry", "pk": 1, "fields": {"action_time": "2016-10-07T16:15:34.465Z", "user": 1, "content_type": 8, "object_id": "1", "object_repr": "\"Dedekind Schemes\" by Tam\u00e1s Szamuely", "action_flag": 1, "change_message": "[{\"added\": {}}, {\"added\": {\"object\": \"Refreshing sheafy viewpoint.\", \"name\": \"comment\"}}, {\"added\": {\"object\": \"A must-read!\", \"name\": \"comment\"}}, {\"added\": {\"object\": \"Complements Neukirch beautifully.\", \"name\": \"comment\"}}]"}}, {"model": "admin.logentry", "pk": 2, "fields": {"action_time": "2016-10-08T00:54:13.019Z", "user": 1, "content_type": 8, "object_id": "2", "object_repr": "\"Foundations of Algebraic Geometry\" by Ravi Vakil", "action_flag": 1, "change_message": "[{\"added\": {}}, {\"added\": {\"name\": \"comment\", \"object\": \"A modern classic if there ever was one. Highly recommended.\"}}]"}}, {"model": "admin.logentry", "pk": 3, "fields": {"action_time": "2016-10-08T01:30:44.785Z", "user": 1, "content_type": 7, "object_id": "2", "object_repr": "algebraic geometry", "action_flag": 1, "change_message": "[{\"added\": {}}]"}}, {"model": "admin.logentry", "pk": 4, "fields": {"action_time": "2016-10-08T01:37:15.403Z", "user": 1, "content_type": 7, "object_id": "3", "object_repr": "Arakelov theory", "action_flag": 1, "change_message": "[{\"added\": {}}]"}}, {"model": "admin.logentry", "pk": 5, "fields": {"action_time": "2016-10-08T01:47:41.361Z", "user": 1, "content_type": 8, "object_id": "2", "object_repr": "\"Foundations of Algebraic Geometry\" by Ravi Vakil", "action_flag": 2, "change_message": "[{\"added\": {\"object\": \"Reference_tags object\", \"name\": \"reference-tag relationship\"}}]"}}, {"model": "admin.logentry", "pk": 6, "fields": {"action_time": "2016-10-08T01:48:03.599Z", "user": 1, "content_type": 8, "object_id": "1", "object_repr": "\"Dedekind Schemes\" by Tam\u00e1s Szamuely", "action_flag": 2, "change_message": "[{\"added\": {\"object\": \"Reference_tags object\", \"name\": \"reference-tag relationship\"}}]"}}, {"model": "admin.logentry", "pk": 7, "fields": {"action_time": "2016-10-08T01:49:57.793Z", "user": 1, "content_type": 7, "object_id": "5", "object_repr": "sheaf-theory", "action_flag": 1, "change_message": "[{\"added\": {}}]"}}, {"model": "admin.logentry", "pk": 8, "fields": {"action_time": "2016-10-08T01:50:13.437Z", "user": 1, "content_type": 7, "object_id": "6", "object_repr": "algebraic-topology", "action_flag": 1, "change_message": "[{\"added\": {}}]"}}, {"model": "admin.logentry", "pk": 9, "fields": {"action_time": "2016-10-08T01:50:30.823Z", "user": 1, "content_type": 7, "object_id": "7", "object_repr": "differential-geometry", "action_flag": 1, "change_message": "[{\"added\": {}}]"}}, {"model": "admin.logentry", "pk": 10, "fields": {"action_time": "2016-10-08T01:50:39.878Z", "user": 1, "content_type": 7, "object_id": "8", "object_repr": "differential-topology", "action_flag": 1, "change_message": "[{\"added\": {}}]"}}, {"model": "admin.logentry", "pk": 11, "fields": {"action_time": "2016-10-08T01:50:47.803Z", "user": 1, "content_type": 7, "object_id": "9", "object_repr": "analytic-number-theory", "action_flag": 1, "change_message": "[{\"added\": {}}]"}}, {"model": "admin.logentry", "pk": 12, "fields": {"action_time": "2016-10-08T01:50:54.594Z", "user": 1, "content_type": 7, "object_id": "10", "object_repr": "langlands-program", "action_flag": 1, "change_message": "[{\"added\": {}}]"}}, {"model": "admin.logentry", "pk": 13, "fields": {"action_time": "2016-10-08T01:51:07.524Z", "user": 1, "content_type": 7, "object_id": "11", "object_repr": "representation-theory", "action_flag": 1, "change_message": "[{\"added\": {}}]"}}, {"model": "admin.logentry", "pk": 14, "fields": {"action_time": "2016-10-08T01:51:15.253Z", "user": 1, "content_type": 7, "object_id": "12", "object_repr": "galois-theory", "action_flag": 1, "change_message": "[{\"added\": {}}]"}}, {"model": "admin.logentry", "pk": 15, "fields": {"action_time": "2016-10-08T01:51:21.449Z", "user": 1, "content_type": 7, "object_id": "13", "object_repr": "abstract-algebra", "action_flag": 1, "change_message": "[{\"added\": {}}]"}}, {"model": "admin.logentry", "pk": 16, "fields": {"action_time": "2016-10-08T03:04:15.460Z", "user": 1, "content_type": 8, "object_id": "3", "object_repr": "\"Locally free sheaves\" by Patrick Morandi", "action_flag": 1, "change_message": "[{\"added\": {}}, {\"added\": {\"object\": \"Reference_tags object\", \"name\": \"reference-tag relationship\"}}, {\"added\": {\"object\": \"Reference_tags object\", \"name\": \"reference-tag relationship\"}}]"}}, {"model": "admin.logentry", "pk": 17, "fields": {"action_time": "2016-10-08T03:05:22.637Z", "user": 1, "content_type": 8, "object_id": "4", "object_repr": "\"Math 632 (notes on scheme theory)\" by Karen Smith", "action_flag": 1, "change_message": "[{\"added\": {}}, {\"added\": {\"object\": \"Reference_tags object\", \"name\": \"reference-tag relationship\"}}]"}}, {"model": "admin.logentry", "pk": 18, "fields": {"action_time": "2016-10-08T03:06:17.639Z", "user": 1, "content_type": 7, "object_id": "14", "object_repr": "k-theory", "action_flag": 1, "change_message": "[{\"added\": {}}]"}}, {"model": "admin.logentry", "pk": 19, "fields": {"action_time": "2016-10-08T03:06:23.508Z", "user": 1, "content_type": 7, "object_id": "15", "object_repr": "vector-bundles", "action_flag": 1, "change_message": "[{\"added\": {}}]"}}, {"model": "admin.logentry", "pk": 20, "fields": {"action_time": "2016-10-08T03:06:33.538Z", "user": 1, "content_type": 7, "object_id": "16", "object_repr": "spectral-sequences", "action_flag": 1, "change_message": "[{\"added\": {}}]"}}, {"model": "admin.logentry", "pk": 21, "fields": {"action_time": "2016-10-08T03:06:43.379Z", "user": 1, "content_type": 7, "object_id": "17", "object_repr": "homological-algebra", "action_flag": 1, "change_message": "[{\"added\": {}}]"}}, {"model": "admin.logentry", "pk": 22, "fields": {"action_time": "2016-10-08T03:06:53.945Z", "user": 1, "content_type": 7, "object_id": "15", "object_repr": "vector-bundles", "action_flag": 2, "change_message": "[{\"changed\": {\"fields\": [\"tag_name\"]}}]"}}, {"model": "admin.logentry", "pk": 23, "fields": {"action_time": "2016-10-08T03:07:46.715Z", "user": 1, "content_type": 8, "object_id": "5", "object_repr": "\"Vector bundles and K-theory\" by Allen Hatcher", "action_flag": 1, "change_message": "[{\"added\": {}}, {\"added\": {\"object\": \"Reference_tags object\", \"name\": \"reference-tag relationship\"}}, {\"added\": {\"object\": \"Reference_tags object\", \"name\": \"reference-tag relationship\"}}, {\"added\": {\"object\": \"Reference_tags object\", \"name\": \"reference-tag relationship\"}}]"}}, {"model": "admin.logentry", "pk": 24, "fields": {"action_time": "2016-10-08T03:08:31.252Z", "user": 1, "content_type": 8, "object_id": "6", "object_repr": "\"Algebraic Topology\" by Allen Hatcher", "action_flag": 1, "change_message": "[{\"added\": {}}, {\"added\": {\"object\": \"Reference_tags object\", \"name\": \"reference-tag relationship\"}}]"}}, {"model": "admin.logentry", "pk": 25, "fields": {"action_time": "2016-10-08T03:09:32.075Z", "user": 1, "content_type": 8, "object_id": "7", "object_repr": "\"Spectral sequences\" by Allen Hatcher", "action_flag": 1, "change_message": "[{\"added\": {}}, {\"added\": {\"object\": \"Reference_tags object\", \"name\": \"reference-tag relationship\"}}, {\"added\": {\"object\": \"Reference_tags object\", \"name\": \"reference-tag relationship\"}}]"}}, {"model": "admin.logentry", "pk": 26, "fields": {"action_time": "2016-10-08T03:36:28.131Z", "user": 1, "content_type": 8, "object_id": "7", "object_repr": "Spectral sequences (Allen Hatcher)", "action_flag": 2, "change_message": "[{\"changed\": {\"fields\": [\"followups\"]}}]"}}, {"model": "admin.logentry", "pk": 27, "fields": {"action_time": "2016-10-08T03:40:08.918Z", "user": 1, "content_type": 8, "object_id": "7", "object_repr": "Spectral sequences (Allen Hatcher)", "action_flag": 2, "change_message": "[]"}}, {"model": "admin.logentry", "pk": 28, "fields": {"action_time": "2016-10-08T03:41:48.542Z", "user": 1, "content_type": 8, "object_id": "6", "object_repr": "Algebraic Topology (Allen Hatcher)", "action_flag": 2, "change_message": "[]"}}, {"model": "admin.logentry", "pk": 29, "fields": {"action_time": "2016-10-08T03:52:34.517Z", "user": 1, "content_type": 8, "object_id": "7", "object_repr": "Spectral sequences (Allen Hatcher)", "action_flag": 2, "change_message": "[]"}}, {"model": "admin.logentry", "pk": 30, "fields": {"action_time": "2016-10-08T03:57:22.640Z", "user": 1, "content_type": 8, "object_id": "6", "object_repr": "Algebraic Topology (Allen Hatcher)", "action_flag": 2, "change_message": "[]"}}, {"model": "admin.logentry", "pk": 31, "fields": {"action_time": "2016-10-08T07:57:53.183Z", "user": 1, "content_type": 8, "object_id": "6", "object_repr": "Algebraic Topology (Allen Hatcher)", "action_flag": 2, "change_message": "[{\"changed\": {\"fields\": [\"desc\"]}}]"}}, {"model": "admin.logentry", "pk": 32, "fields": {"action_time": "2016-10-08T10:22:47.858Z", "user": 1, "content_type": 8, "object_id": "8", "object_repr": "The Geometry of Schemes (David Eisenbud)", "action_flag": 1, "change_message": "[{\"added\": {}}, {\"added\": {\"name\": \"reference-tag relationship\", \"object\": \"Reference_tags object\"}}]"}}, {"model": "admin.logentry", "pk": 33, "fields": {"action_time": "2016-10-08T12:27:24.691Z", "user": 1, "content_type": 8, "object_id": "1", "object_repr": "Dedekind Schemes (Tam\u00e1s Szamuely)", "action_flag": 2, "change_message": "[{\"changed\": {\"fields\": [\"desc\"]}}, {\"changed\": {\"name\": \"comment\", \"fields\": [\"speaker\"], \"object\": \"Refreshing sheafy viewpoint.\"}}, {\"changed\": {\"name\": \"comment\", \"fields\": [\"speaker\"], \"object\": \"A must-read!\"}}, {\"changed\": {\"name\": \"comment\", \"fields\": [\"speaker\"], \"object\": \"Complements Neukirch beautifully.\"}}]"}}, {"model": "admin.logentry", "pk": 34, "fields": {"action_time": "2016-10-08T12:57:02.612Z", "user": 1, "content_type": 7, "object_id": "18", "object_repr": "point-set-topology", "action_flag": 1, "change_message": "[{\"added\": {}}]"}}, {"model": "admin.logentry", "pk": 35, "fields": {"action_time": "2016-10-08T12:57:08.365Z", "user": 1, "content_type": 8, "object_id": "9", "object_repr": "Introductory Point-Set Topology (Allen Hatcher)", "action_flag": 1, "change_message": "[{\"added\": {}}, {\"added\": {\"name\": \"reference-tag relationship\", \"object\": \"Reference_tags object\"}}]"}}, {"model": "admin.logentry", "pk": 36, "fields": {"action_time": "2016-10-08T12:57:26.295Z", "user": 1, "content_type": 8, "object_id": "6", "object_repr": "Algebraic Topology (Allen Hatcher)", "action_flag": 2, "change_message": "[]"}}, {"model": "admin.logentry", "pk": 37, "fields": {"action_time": "2016-10-08T12:57:50.758Z", "user": 1, "content_type": 8, "object_id": "9", "object_repr": "Introductory Point-Set Topology (Allen Hatcher)", "action_flag": 2, "change_message": "[]"}}, {"model": "admin.logentry", "pk": 38, "fields": {"action_time": "2016-10-08T12:58:27.407Z", "user": 1, "content_type": 8, "object_id": "6", "object_repr": "Algebraic Topology (Allen Hatcher)", "action_flag": 2, "change_message": "[]"}}, {"model": "admin.logentry", "pk": 39, "fields": {"action_time": "2016-10-08T13:00:12.785Z", "user": 1, "content_type": 7, "object_id": "19", "object_repr": "category-theory", "action_flag": 1, "change_message": "[{\"added\": {}}]"}}, {"model": "admin.logentry", "pk": 40, "fields": {"action_time": "2016-10-08T13:00:16.663Z", "user": 1, "content_type": 8, "object_id": "10", "object_repr": "Algebra and Topology (Pierre Schapira)", "action_flag": 1, "change_message": "[{\"added\": {}}, {\"added\": {\"name\": \"reference-tag relationship\", \"object\": \"Reference_tags object\"}}, {\"added\": {\"name\": \"reference-tag relationship\", \"object\": \"Reference_tags object\"}}]"}}, {"model": "admin.logentry", "pk": 41, "fields": {"action_time": "2016-10-08T13:00:33.573Z", "user": 1, "content_type": 8, "object_id": "6", "object_repr": "Algebraic Topology (Allen Hatcher)", "action_flag": 2, "change_message": "[]"}}, {"model": "admin.logentry", "pk": 42, "fields": {"action_time": "2016-10-08T13:02:05.117Z", "user": 1, "content_type": 8, "object_id": "11", "object_repr": "A Concise Course in Algebraic Topology (J P May)", "action_flag": 1, "change_message": "[{\"added\": {}}, {\"added\": {\"name\": \"comment\", \"object\": \"There are no other AT books worth studying haha\"}}]"}}, {"model": "admin.logentry", "pk": 43, "fields": {"action_time": "2016-10-08T13:02:20.999Z", "user": 1, "content_type": 8, "object_id": "6", "object_repr": "Algebraic Topology (Allen Hatcher)", "action_flag": 2, "change_message": "[]"}}, {"model": "admin.logentry", "pk": 44, "fields": {"action_time": "2016-10-08T13:03:53.696Z", "user": 1, "content_type": 8, "object_id": "6", "object_repr": "Algebraic Topology (Allen Hatcher)", "action_flag": 2, "change_message": "[{\"added\": {\"name\": \"comment\", \"object\": \"Stay far away from the proof of how simplicial and singular homology are equivalent\"}}, {\"added\": {\"name\": \"comment\", \"object\": \"Came here to say the same thing. Barycentric subdivision ugh\"}}]"}}, {"model": "admin.logentry", "pk": 45, "fields": {"action_time": "2016-10-08T14:19:14.333Z", "user": 1, "content_type": 8, "object_id": "11", "object_repr": "A Concise Course in Algebraic Topology (J P May)", "action_flag": 2, "change_message": "[{\"added\": {\"name\": \"reference-tag relationship\", \"object\": \"Reference_tags object\"}}]"}}, {"model": "admin.logentry", "pk": 46, "fields": {"action_time": "2016-10-08T15:51:42.159Z", "user": 1, "content_type": 7, "object_id": "3", "object_repr": "arakelov-theory", "action_flag": 2, "change_message": "[]"}}, {"model": "admin.logentry", "pk": 47, "fields": {"action_time": "2016-10-08T16:02:00.243Z", "user": 1, "content_type": 7, "object_id": "3", "object_repr": "arakelov-theory", "action_flag": 2, "change_message": "[{\"changed\": {\"fields\": [\"desc\"]}}]"}}, {"model": "admin.logentry", "pk": 48, "fields": {"action_time": "2016-10-08T16:05:18.127Z", "user": 1, "content_type": 7, "object_id": "3", "object_repr": "arakelov-theory", "action_flag": 2, "change_message": "[{\"changed\": {\"fields\": [\"desc\"]}}]"}}, {"model": "admin.logentry", "pk": 49, "fields": {"action_time": "2016-10-08T16:10:32.090Z", "user": 1, "content_type": 7, "object_id": "3", "object_repr": "arakelov-theory", "action_flag": 2, "change_message": "[{\"changed\": {\"fields\": [\"desc\"]}}]"}}, {"model": "admin.logentry", "pk": 50, "fields": {"action_time": "2016-10-08T16:11:34.528Z", "user": 1, "content_type": 7, "object_id": "3", "object_repr": "arakelov-theory", "action_flag": 2, "change_message": "[{\"changed\": {\"fields\": [\"desc\"]}}]"}}, {"model": "admin.logentry", "pk": 51, "fields": {"action_time": "2016-10-08T16:12:53.370Z", "user": 1, "content_type": 7, "object_id": "3", "object_repr": "arakelov-theory", "action_flag": 2, "change_message": "[{\"changed\": {\"fields\": [\"desc\"]}}]"}}, {"model": "admin.logentry", "pk": 52, "fields": {"action_time": "2016-10-09T03:01:32.638Z", "user": 1, "content_type": 7, "object_id": "3", "object_repr": "arakelov-theory", "action_flag": 2, "change_message": "[{\"changed\": {\"fields\": [\"desc\"]}}]"}}, {"model": "admin.logentry", "pk": 53, "fields": {"action_time": "2016-10-09T03:03:15.672Z", "user": 1, "content_type": 7, "object_id": "4", "object_repr": "arithmetic-geometry", "action_flag": 2, "change_message": "[{\"changed\": {\"fields\": [\"desc\"]}}]"}}, {"model": "admin.logentry", "pk": 54, "fields": {"action_time": "2016-10-09T03:40:47.712Z", "user": 1, "content_type": 8, "object_id": "6", "object_repr": "Algebraic Topology (Allen Hatcher)", "action_flag": 2, "change_message": "[{\"changed\": {\"fields\": [\"added_by\"]}}]"}}, {"model": "admin.logentry", "pk": 55, "fields": {"action_time": "2016-10-09T03:41:46.990Z", "user": 1, "content_type": 8, "object_id": "11", "object_repr": "A Concise Course in Algebraic Topology (J P May)", "action_flag": 2, "change_message": "[{\"changed\": {\"fields\": [\"added_by\"]}}]"}}, {"model": "admin.logentry", "pk": 56, "fields": {"action_time": "2016-10-09T05:03:40.589Z", "user": 1, "content_type": 8, "object_id": "6", "object_repr": "Algebraic Topology (Allen Hatcher)", "action_flag": 2, "change_message": "[{\"added\": {\"name\": \"comment\", \"object\": \"Here is some math: $\\\\Bbb Q_p$\"}}]"}}, {"model": "admin.logentry", "pk": 57, "fields": {"action_time": "2016-10-09T05:04:59.830Z", "user": 1, "content_type": 8, "object_id": "6", "object_repr": "Algebraic Topology (Allen Hatcher)", "action_flag": 2, "change_message": "[{\"changed\": {\"fields\": [\"speaker\"], \"name\": \"comment\", \"object\": \"Here is some math: $\\\\Bbb Q_p$\"}}]"}}, {"model": "admin.logentry", "pk": 58, "fields": {"action_time": "2016-10-09T05:06:22.236Z", "user": 1, "content_type": 7, "object_id": "3", "object_repr": "arakelov-theory", "action_flag": 2, "change_message": "[]"}}, {"model": "sessions.session", "pk": "2sknlv408s8e4fkkzxsrun06w6mmjay4", "fields": {"session_data": "ZjY2OTFkMzQxOTViMDUxNTg2MjM5NzcyY2QzOGExYmJjOWZlYzQyMDp7Il9hdXRoX3VzZXJfaGFzaCI6IjY1MGNhZTg0MjhlYzA1ZWMxNmNiMzQ4MDBmZGU2NGYwN2IzNTdkMmUiLCJfYXV0aF91c2VyX2JhY2tlbmQiOiJkamFuZ28uY29udHJpYi5hdXRoLmJhY2tlbmRzLk1vZGVsQmFja2VuZCIsIl9hdXRoX3VzZXJfaWQiOiIyIn0=", "expire_date": "2016-10-23T06:21:18.030Z"}}, {"model": "sessions.session", "pk": "tfkh1o1tdwpwmarzdvq1wij5oqjh78ii", "fields": {"session_data": "ZjY2OTFkMzQxOTViMDUxNTg2MjM5NzcyY2QzOGExYmJjOWZlYzQyMDp7Il9hdXRoX3VzZXJfaGFzaCI6IjY1MGNhZTg0MjhlYzA1ZWMxNmNiMzQ4MDBmZGU2NGYwN2IzNTdkMmUiLCJfYXV0aF91c2VyX2JhY2tlbmQiOiJkamFuZ28uY29udHJpYi5hdXRoLmJhY2tlbmRzLk1vZGVsQmFja2VuZCIsIl9hdXRoX3VzZXJfaWQiOiIyIn0=", "expire_date": "2016-10-23T06:15:24.762Z"}}, {"model": "sessions.session", "pk": "utcaa7i4g4erh7frwsv4tfn4m5f3u0fi", "fields": {"session_data": "YzhlMTY2ZTljMDQxY2E2OTY2ZThkZmU5YWQzNWI3MzUyMDI4NWYxOTp7Il9hdXRoX3VzZXJfaWQiOiIxIiwiX2F1dGhfdXNlcl9oYXNoIjoiNzU0MDAxM2M3MDg2MzEwODIxNWVmYjNkYjg0ZGYwMmQwOGU4NjFlZSIsIl9hdXRoX3VzZXJfYmFja2VuZCI6ImRqYW5nby5jb250cmliLmF1dGguYmFja2VuZHMuTW9kZWxCYWNrZW5kIn0=", "expire_date": "2016-10-22T19:31:49.691Z"}}, {"model": "refinator.comment", "pk": 1, "fields": {"comment_text": "Refreshing sheafy viewpoint.", "speaker": 1, "created_date": "2016-10-08T00:00:00Z", "reference": 1}}, {"model": "refinator.comment", "pk": 2, "fields": {"comment_text": "A must-read!", "speaker": 1, "created_date": "2016-10-08T00:00:00Z", "reference": 1}}, {"model": "refinator.comment", "pk": 3, "fields": {"comment_text": "Complements Neukirch beautifully.", "speaker": 1, "created_date": "2016-10-08T00:00:00Z", "reference": 1}}, {"model": "refinator.comment", "pk": 4, "fields": {"comment_text": "A modern classic if there ever was one. Highly recommended.", "speaker": 1, "created_date": "2016-10-08T00:00:00Z", "reference": 2}}, {"model": "refinator.comment", "pk": 5, "fields": {"comment_text": "There are no other AT books worth studying haha", "speaker": 1, "created_date": "2016-10-08T13:02:05.110Z", "reference": 11}}, {"model": "refinator.comment", "pk": 6, "fields": {"comment_text": "Stay far away from the proof of how simplicial and singular homology are equivalent", "speaker": 1, "created_date": "2016-10-08T13:03:53.677Z", "reference": 6}}, {"model": "refinator.comment", "pk": 7, "fields": {"comment_text": "Came here to say the same thing. Barycentric subdivision ugh", "speaker": 1, "created_date": "2016-10-08T13:03:53.684Z", "reference": 6}}, {"model": "refinator.comment", "pk": 8, "fields": {"comment_text": "Here is some math: $\\Bbb Q_p$", "speaker": 2, "created_date": "2016-10-09T05:03:40.570Z", "reference": 6}}, {"model": "refinator.referencevote", "pk": 1, "fields": {"user": 1, "ref": 1, "vote_amount": 1}}, {"model": "refinator.referencevote", "pk": 2, "fields": {"user": 1, "ref": 2, "vote_amount": 1}}, {"model": "refinator.referencevote", "pk": 3, "fields": {"user": 1, "ref": 3, "vote_amount": 1}}, {"model": "refinator.referencevote", "pk": 4, "fields": {"user": 1, "ref": 4, "vote_amount": 1}}, {"model": "refinator.referencevote", "pk": 5, "fields": {"user": 1, "ref": 5, "vote_amount": 1}}, {"model": "refinator.referencevote", "pk": 7, "fields": {"user": 1, "ref": 7, "vote_amount": 1}}, {"model": "refinator.referencevote", "pk": 8, "fields": {"user": 1, "ref": 8, "vote_amount": 1}}, {"model": "refinator.referencevote", "pk": 9, "fields": {"user": 1, "ref": 9, "vote_amount": 1}}, {"model": "refinator.referencevote", "pk": 10, "fields": {"user": 1, "ref": 10, "vote_amount": 1}}, {"model": "refinator.referencevote", "pk": 11, "fields": {"user": 1, "ref": 11, "vote_amount": 1}}, {"model": "refinator.referencevote", "pk": 12, "fields": {"user": 2, "ref": 1, "vote_amount": 1}}, {"model": "refinator.referencevote", "pk": 13, "fields": {"user": 2, "ref": 2, "vote_amount": 1}}, {"model": "refinator.referencevote", "pk": 14, "fields": {"user": 2, "ref": 3, "vote_amount": 1}}, {"model": "refinator.referencevote", "pk": 15, "fields": {"user": 2, "ref": 4, "vote_amount": 1}}, {"model": "refinator.referencevote", "pk": 16, "fields": {"user": 2, "ref": 5, "vote_amount": 1}}, {"model": "refinator.referencevote", "pk": 18, "fields": {"user": 2, "ref": 7, "vote_amount": 1}}, {"model": "refinator.referencevote", "pk": 19, "fields": {"user": 2, "ref": 8, "vote_amount": 1}}, {"model": "refinator.referencevote", "pk": 20, "fields": {"user": 2, "ref": 9, "vote_amount": 1}}, {"model": "refinator.referencevote", "pk": 21, "fields": {"user": 2, "ref": 10, "vote_amount": 1}}, {"model": "refinator.referencevote", "pk": 22, "fields": {"user": 2, "ref": 11, "vote_amount": 1}}, {"model": "refinator.referencevote", "pk": 32, "fields": {"user": 1, "ref": 6, "vote_amount": 1}}, {"model": "refinator.referencevote", "pk": 40, "fields": {"user": 2, "ref": 6, "vote_amount": -1}}, {"model": "refinator.reference", "pk": 1, "fields": {"ref_name": "Dedekind Schemes", "url": "http://www.renyi.hu/~szamuely/gal6-7.pdf", "filetype": "pdf", "size": 421884, "author": "Tam\u00e1s Szamuely", "added_date": "2016-10-08", "added_by": 1, "desc": "Interesting take on basic algebraic number theory.", "tags": [1, 4], "prereqs": [], "read_with": [], "followups": []}}, {"model": "refinator.reference", "pk": 2, "fields": {"ref_name": "Foundations of Algebraic Geometry", "url": "http://math.stanford.edu/~vakil/216blog/FOAGdec2915public.pdf", "filetype": "pdf", "size": 3607311, "author": "Ravi Vakil", "added_date": "2016-10-08", "added_by": 1, "desc": "", "tags": [2], "prereqs": [], "read_with": [8], "followups": []}}, {"model": "refinator.reference", "pk": 3, "fields": {"ref_name": "Locally free sheaves", "url": "http://sierra.nmsu.edu/morandi/notes/LocallyFreeSheavesV2.pdf", "filetype": "pdf", "size": 206093, "author": "Patrick Morandi", "added_date": "2016-10-08", "added_by": 1, "desc": "", "tags": [2, 5], "prereqs": [], "read_with": [], "followups": []}}, {"model": "refinator.reference", "pk": 4, "fields": {"ref_name": "Math 632 (notes on scheme theory)", "url": "https://www.math.wisc.edu/~hast/Notes/Math632-scheme-theory-notes.pdf", "filetype": "pdf", "size": 874386, "author": "Karen Smith", "added_date": "2016-10-08", "added_by": 1, "desc": "", "tags": [2], "prereqs": [], "read_with": [], "followups": []}}, {"model": "refinator.reference", "pk": 5, "fields": {"ref_name": "Vector bundles and K-theory", "url": "http://www.math.cornell.edu/~hatcher/VBKT/VB.pdf", "filetype": "pdf", "size": 1443617, "author": "Allen Hatcher", "added_date": "2016-10-08", "added_by": 1, "desc": "", "tags": [6, 14, 15], "prereqs": [], "read_with": [], "followups": [6]}}, {"model": "refinator.reference", "pk": 6, "fields": {"ref_name": "Algebraic Topology", "url": "http://www.math.cornell.edu/~hatcher/AT/AT.pdf", "filetype": "pdf", "size": 8014870, "author": "Allen Hatcher", "added_date": "2016-10-08", "added_by": 1, "desc": "A well-written book on algebraic topology. Widely criticized for being wordy.", "tags": [6], "prereqs": [9], "read_with": [10, 11], "followups": [5, 7, 9]}}, {"model": "refinator.reference", "pk": 7, "fields": {"ref_name": "Spectral sequences", "url": "http://www.math.cornell.edu/~hatcher/AT/ATch5.pdf", "filetype": "pdf", "size": 2714837, "author": "Allen Hatcher", "added_date": "2016-10-08", "added_by": 1, "desc": "", "tags": [16, 17], "prereqs": [], "read_with": [], "followups": [6]}}, {"model": "refinator.reference", "pk": 8, "fields": {"ref_name": "The Geometry of Schemes", "url": "http://www.maths.ed.ac.uk/~aar/papers/eisenbudharris.pdf", "filetype": "pdf", "size": 1793337, "author": "David Eisenbud", "added_date": "2016-10-08", "added_by": 1, "desc": "Nice AG book!", "tags": [2], "prereqs": [], "read_with": [2], "followups": []}}, {"model": "refinator.reference", "pk": 9, "fields": {"ref_name": "Introductory Point-Set Topology", "url": "https://www.math.cornell.edu/~hatcher/Top/TopNotes.pdf", "filetype": "pdf", "size": 437526, "author": "Allen Hatcher", "added_date": "2016-10-08", "added_by": 1, "desc": "Written to cover prerequisites for his Algebraic Topology text.", "tags": [18], "prereqs": [6], "read_with": [], "followups": [6]}}, {"model": "refinator.reference", "pk": 10, "fields": {"ref_name": "Algebra and Topology", "url": "https://webusers.imj-prg.fr/~pierre.schapira/lectnotes/AlTo.pdf", "filetype": "pdf", "size": 955469, "author": "Pierre Schapira", "added_date": "2016-10-08", "added_by": 1, "desc": "Category theory and AT", "tags": [6, 19], "prereqs": [], "read_with": [6], "followups": []}}, {"model": "refinator.reference", "pk": 11, "fields": {"ref_name": "A Concise Course in Algebraic Topology", "url": "https://www.math.uchicago.edu/~may/CONCISE/ConciseRevised.pdf", "filetype": "pdf", "size": 1715976, "author": "J P May", "added_date": "2016-10-08", "added_by": 1, "desc": "A terse AT reference, highly categorical.", "tags": [6], "prereqs": [], "read_with": [6], "followups": []}}]